confluence_url,neuer_pfad
https://diysynth.wiki.dsl-man.de/wiki/spaces/A2600FS/pages/1310731,/antonus2600-original-size/
https://diysynth.wiki.dsl-man.de/wiki/spaces/A2600FS/pages/1312585,/antonus2600-original-size/getting-started/
https://diysynth.wiki.dsl-man.de/wiki/spaces/A2600FS/pages/1312597,/antonus2600-original-size/manuals/
https://diysynth.wiki.dsl-man.de/wiki/spaces/A2600FS/pages/1312605,/antonus2600-original-size/getting-started/making-a-template/
https://diysynth.wiki.dsl-man.de/wiki/spaces/A2600FS/pages/1312619,/antonus2600-original-size/faq/
https://diysynth.wiki.dsl-man.de/wiki/spaces/A2600FS/pages/1312654,/antonus2600-original-size/build-it/
https://diysynth.wiki.dsl-man.de/wiki/spaces/CHECKMATE/pages/688133,/diy-eurorack/
https://diysynth.wiki.dsl-man.de/wiki/spaces/CHECKMATE/pages/688624,/diy-eurorack/vdd-modules/vdd-3002-mixer/
https://diysynth.wiki.dsl-man.de/wiki/spaces/CHECKMATE/pages/688636,/diy-eurorack/archived-diy-builds-before-2017/hexinverter-midi-cv/
https://diysynth.wiki.dsl-man.de/wiki/spaces/CHECKMATE/pages/688648,/diy-eurorack/vdd-modules/vdd-5002-01-dual-symmetric-output-module/
https://diysynth.wiki.dsl-man.de/wiki/spaces/CHECKMATE/pages/688656,/diy-eurorack/vdd-modules/
https://diysynth.wiki.dsl-man.de/wiki/spaces/CHECKMATE/pages/688660,/diy-eurorack/archived-diy-builds-before-2017/fonik-modules/fonitronik-th-x-4046/
https://diysynth.wiki.dsl-man.de/wiki/spaces/CHECKMATE/pages/688694,/diy-eurorack/archived-diy-builds-before-2017/cem3340-vco/
https://diysynth.wiki.dsl-man.de/wiki/spaces/CHECKMATE/pages/688698,/diy-eurorack/archived-diy-builds-before-2017/stomper-bassdrum-module/
https://diysynth.wiki.dsl-man.de/wiki/spaces/CHECKMATE/pages/688718,/diy-eurorack/vdd-modules/vdd-3505-01-five-buffered-voltages/
https://diysynth.wiki.dsl-man.de/wiki/spaces/CHECKMATE/pages/688738,/diy-eurorack/vdd-modules/vdd-4002-digital-reverb/
https://diysynth.wiki.dsl-man.de/wiki/spaces/CHECKMATE/pages/688740,/diy-eurorack/steffcorp-modules/
https://diysynth.wiki.dsl-man.de/wiki/spaces/CHECKMATE/pages/688742,/diy-eurorack/archived-diy-builds-before-2017/
https://diysynth.wiki.dsl-man.de/wiki/spaces/CHECKMATE/pages/688758,/diy-eurorack/steffcorp-modules/steffcorp-arp2600-vco-mk2/
https://diysynth.wiki.dsl-man.de/wiki/spaces/CHECKMATE/pages/688762,/diy-eurorack/vdd-modules/vdd-5002-01-dual-symmetric-output-module/schematics-vdd-5002-01-dual-symmetric-output-module/
https://diysynth.wiki.dsl-man.de/wiki/spaces/CHECKMATE/pages/688828,/diy-eurorack/archived-diy-builds-before-2017/cr-78-snare-in-eurorack/
https://diysynth.wiki.dsl-man.de/wiki/spaces/CHECKMATE/pages/688836,/diy-eurorack/archived-diy-builds-before-2017/fonik-modules/fonik-lfo-controller-by-thomas-henry/
https://diysynth.wiki.dsl-man.de/wiki/spaces/CHECKMATE/pages/688842,/diy-eurorack/archived-diy-builds-before-2017/fonik-modules/fonik-vco-555-thomas-henry/
https://diysynth.wiki.dsl-man.de/wiki/spaces/CHECKMATE/pages/693122,/diy-eurorack/archived-diy-builds-before-2017/fonik-modules/
https://diysynth.wiki.dsl-man.de/wiki/spaces/DDRM/pages/1703941,/ddrm-build-doc/
https://diysynth.wiki.dsl-man.de/wiki/spaces/DDRM/pages/1704653,/ddrm-build-doc/ddrm-rev-2-guide/
https://diysynth.wiki.dsl-man.de/wiki/spaces/DDRM/pages/1704680,/ddrm-build-doc/ddrm-rev-1-guide/
https://diysynth.wiki.dsl-man.de/wiki/spaces/DDRM/pages/1704700,/ddrm-build-doc/schematics-here/
https://diysynth.wiki.dsl-man.de/wiki/spaces/DDRM/pages/1704720,/ddrm-build-doc/ddrm-rev-1-guide/ddrm-stereo-out-modification/
https://diysynth.wiki.dsl-man.de/wiki/spaces/DDRM/pages/1704742,/ddrm-build-doc/ddrm-rev-1-guide/power-wiring/
https://diysynth.wiki.dsl-man.de/wiki/spaces/DDRM/pages/1704865,/ddrm-build-doc/ddrm-expander/
https://diysynth.wiki.dsl-man.de/wiki/spaces/DDRM/pages/1704871,/ddrm-build-doc/user-manual-and-firmware/
https://diysynth.wiki.dsl-man.de/wiki/spaces/DDRM/pages/1704929,/ddrm-build-doc/user-share-patches/
https://diysynth.wiki.dsl-man.de/wiki/spaces/DDRM/pages/1704942,/ddrm-build-doc/ddrm-rev-2-guide/ddrm-v2-build-tips/
https://diysynth.wiki.dsl-man.de/wiki/spaces/DDRM/pages/482377768,/ddrm-build-doc/ddrm-issues/
https://diysynth.wiki.dsl-man.de/wiki/spaces/DMPS/pages/1209597968,/diy-modular-power-solutions/20-own-solutions/mupsu-1/
https://diysynth.wiki.dsl-man.de/wiki/spaces/DMPS/pages/1441794,/diy-modular-power-solutions/
https://diysynth.wiki.dsl-man.de/wiki/spaces/DMPS/pages/1442046,/diy-modular-power-solutions/blog/2013-06-21-here-starts-my-new-website/
https://diysynth.wiki.dsl-man.de/wiki/spaces/DMPS/pages/1442048,/diy-modular-power-solutions/10-knowledge/stecker-connector-types-info/
https://diysynth.wiki.dsl-man.de/wiki/spaces/DMPS/pages/1442050,/diy-modular-power-solutions/20-own-solutions/my-own-powersupply-in-2013/
https://diysynth.wiki.dsl-man.de/wiki/spaces/DMPS/pages/1442052,/diy-modular-power-solutions/30-diy-power-tips/
https://diysynth.wiki.dsl-man.de/wiki/spaces/DMPS/pages/1442068,/diy-modular-power-solutions/20-own-solutions/power-solution-part-3/
https://diysynth.wiki.dsl-man.de/wiki/spaces/DMPS/pages/1442070,/diy-modular-power-solutions/20-own-solutions/power-solution-part-1/
https://diysynth.wiki.dsl-man.de/wiki/spaces/DMPS/pages/1442072,/diy-modular-power-solutions/20-own-solutions/power-solution-part-2/
https://diysynth.wiki.dsl-man.de/wiki/spaces/DMPS/pages/1442074,/diy-modular-power-solutions/10-knowledge/modular-synthesizer-connector-types/
https://diysynth.wiki.dsl-man.de/wiki/spaces/DMPS/pages/1442076,/diy-modular-power-solutions/20-own-solutions/
https://diysynth.wiki.dsl-man.de/wiki/spaces/DMPS/pages/1442078,/diy-modular-power-solutions/10-knowledge/
https://diysynth.wiki.dsl-man.de/wiki/spaces/DMPS/pages/1442082,/diy-modular-power-solutions/30-diy-power-tips/5volt-regulator/
https://diysynth.wiki.dsl-man.de/wiki/spaces/DMPS/pages/1442096,/diy-modular-power-solutions/20-own-solutions/poc-mu-with-motm/
https://diysynth.wiki.dsl-man.de/wiki/spaces/DMPS/pages/1442114,/diy-modular-power-solutions/20-own-solutions/5u-powerinput/
https://diysynth.wiki.dsl-man.de/wiki/spaces/DMPS/pages/1442124,/diy-modular-power-solutions/10-knowledge/powersupplys-netzteile/
https://diysynth.wiki.dsl-man.de/wiki/spaces/DMPS/pages/1442130,/diy-modular-power-solutions/10-knowledge/power-adapter-motm-curetronics-dotcom/
https://diysynth.wiki.dsl-man.de/wiki/spaces/DMPS/pages/1442134,/diy-modular-power-solutions/20-own-solutions/5u-panel-with-4pole-powerconnector/
https://diysynth.wiki.dsl-man.de/wiki/spaces/DSO/pages/1004011525,/diy-synth-other/repairs/abstrakt-instruments-avalon-bassline-repair-nr4/
https://diysynth.wiki.dsl-man.de/wiki/spaces/DSO/pages/1146882,/diy-synth-other/
https://diysynth.wiki.dsl-man.de/wiki/spaces/DSO/pages/1146888,/diy-synth-other/repairs/behringer-td3-mo-inside/
https://diysynth.wiki.dsl-man.de/wiki/spaces/DSO/pages/1146898,/diy-synth-other/products/bipolar-powersupply-bipo/
https://diysynth.wiki.dsl-man.de/wiki/spaces/DSO/pages/1146904,/diy-synth-other/projects/nava-tr-909-clone/
https://diysynth.wiki.dsl-man.de/wiki/spaces/DSO/pages/1146911,/diy-synth-other/projects/xerxes-elka-synthex-inspired-synth/
https://diysynth.wiki.dsl-man.de/wiki/spaces/DSO/pages/1146915,/diy-synth-other/projects/arp-3260-keyboard-clone/
https://diysynth.wiki.dsl-man.de/wiki/spaces/DSO/pages/1146919,/diy-synth-other/projects/elektor-vocoder-clone/
https://diysynth.wiki.dsl-man.de/wiki/spaces/DSO/pages/1146927,/diy-synth-other/projects/abstrakt-instruments-vs-1-diy/
https://diysynth.wiki.dsl-man.de/wiki/spaces/DSO/pages/1146929,/diy-synth-other/projects/usb-midi-interface/
https://diysynth.wiki.dsl-man.de/wiki/spaces/DSO/pages/1146931,/diy-synth-other/repairs/hartman-neuron-repair/
https://diysynth.wiki.dsl-man.de/wiki/spaces/DSO/pages/1146933,/diy-synth-other/projects/syncussion-sy-1-clone/
https://diysynth.wiki.dsl-man.de/wiki/spaces/DSO/pages/1146938,/diy-synth-other/projects/ttsh-arp-2600-clone/
https://diysynth.wiki.dsl-man.de/wiki/spaces/DSO/pages/1146940,/diy-synth-other/projects/the-cloney-project-vcs3-clone/cloney-2019-issue-list-and-support/
https://diysynth.wiki.dsl-man.de/wiki/spaces/DSO/pages/1146945,/diy-synth-other/projects/juergen-haible-fs1a-frequency-shifter/juergen-haible-frequency-shifter-fs1a-modifications/
https://diysynth.wiki.dsl-man.de/wiki/spaces/DSO/pages/1146954,/diy-synth-other/projects/yocto-808-clone/yocto-rev2/
https://diysynth.wiki.dsl-man.de/wiki/spaces/DSO/pages/1146959,/diy-synth-other/projects/minimoog-restauration/minimoog-case-restauration/
https://diysynth.wiki.dsl-man.de/wiki/spaces/DSO/pages/1146964,/diy-synth-other/projects/lxr-drumsynth-build-rev-1-2/lxr-drumsynth-modifications/
https://diysynth.wiki.dsl-man.de/wiki/spaces/DSO/pages/1146967,/diy-synth-other/projects/yocto-808-clone/yocto-wood-sidepanels/
https://diysynth.wiki.dsl-man.de/wiki/spaces/DSO/pages/1146974,/diy-synth-other/projects/re-606/
https://diysynth.wiki.dsl-man.de/wiki/spaces/DSO/pages/1146986,/diy-synth-other/projects/tr9090-project/
https://diysynth.wiki.dsl-man.de/wiki/spaces/DSO/pages/1146991,/diy-synth-other/projects/buchla-218r-218s-clone/
https://diysynth.wiki.dsl-man.de/wiki/spaces/DSO/pages/1146993,/diy-synth-other/projects/midibox-mb6582-sid/mb6582-own-first-device/
https://diysynth.wiki.dsl-man.de/wiki/spaces/DSO/pages/1146996,/diy-synth-other/products/balanced-output-driver/
https://diysynth.wiki.dsl-man.de/wiki/spaces/DSO/pages/1147004,/diy-synth-other/manuals-synth/
https://diysynth.wiki.dsl-man.de/wiki/spaces/DSO/pages/1147006,/diy-synth-other/projects/syncussion-sy-1m/
https://diysynth.wiki.dsl-man.de/wiki/spaces/DSO/pages/1147031,/diy-synth-other/projects/buchla-208-clone/buchla-208p-208r-calibration-notes/
https://diysynth.wiki.dsl-man.de/wiki/spaces/DSO/pages/1147036,/diy-synth-other/projects/steda-sr-909/
https://diysynth.wiki.dsl-man.de/wiki/spaces/DSO/pages/1147042,/diy-synth-other/projects/elektor-vocoder-clone/secret-area-elector-vocoder/
https://diysynth.wiki.dsl-man.de/wiki/spaces/DSO/pages/1147044,/diy-synth-other/projects/jasper-wasp-clone/
https://diysynth.wiki.dsl-man.de/wiki/spaces/DSO/pages/1147048,/diy-synth-other/projects/orgon-r-enigiser/
https://diysynth.wiki.dsl-man.de/wiki/spaces/DSO/pages/1147058,/diy-synth-other/projects/moog-prodigy-clone/
https://diysynth.wiki.dsl-man.de/wiki/spaces/DSO/pages/1147060,/diy-synth-other/repairs/kawai-r-100-modification-and-service/
https://diysynth.wiki.dsl-man.de/wiki/spaces/DSO/pages/1147074,/diy-synth-other/projects/midibox-mb6582-sid/
https://diysynth.wiki.dsl-man.de/wiki/spaces/DSO/pages/1147077,/diy-synth-other/projects/the-cloney-project-vcs3-clone/
https://diysynth.wiki.dsl-man.de/wiki/spaces/DSO/pages/1147091,/diy-synth-other/projects/ems-synthi-a-clone/
https://diysynth.wiki.dsl-man.de/wiki/spaces/DSO/pages/1147116,/diy-synth-other/projects/minimoog-restauration/minimoog-keyboard-restauration/
https://diysynth.wiki.dsl-man.de/wiki/spaces/DSO/pages/1147127,/diy-synth-other/projects/mme-minimoog-clone-guinguin/
https://diysynth.wiki.dsl-man.de/wiki/spaces/DSO/pages/1147129,/diy-synth-other/projects/oakleysound-tm3030/
https://diysynth.wiki.dsl-man.de/wiki/spaces/DSO/pages/1147141,/diy-synth-other/projects/yocto-808-clone/
https://diysynth.wiki.dsl-man.de/wiki/spaces/DSO/pages/1147145,/diy-synth-other/projects/minipops-mp7-clone/
https://diysynth.wiki.dsl-man.de/wiki/spaces/DSO/pages/1147160,/diy-synth-other/projects/obx-clone-project/
https://diysynth.wiki.dsl-man.de/wiki/spaces/DSO/pages/1147163,/diy-synth-other/projects/obx-clone-project/bom-obx-clone/
https://diysynth.wiki.dsl-man.de/wiki/spaces/DSO/pages/1147175,/diy-synth-other/repairs/20-2-elka-concorde-repair/
https://diysynth.wiki.dsl-man.de/wiki/spaces/DSO/pages/1147177,/diy-synth-other/projects/ucapps-midibox-seq-lite/
https://diysynth.wiki.dsl-man.de/wiki/spaces/DSO/pages/1147187,/diy-synth-other/repairs/sh-101-service/
https://diysynth.wiki.dsl-man.de/wiki/spaces/DSO/pages/1147194,/diy-synth-other/projects/lxr-drumsynth-build-rev-1-2/
https://diysynth.wiki.dsl-man.de/wiki/spaces/DSO/pages/1147198,/diy-synth-other/bom-ttsh-modified-rev-1/
https://diysynth.wiki.dsl-man.de/wiki/spaces/DSO/pages/1147211,/diy-synth-other/projects/obx-clone-project/obx-building-tips/
https://diysynth.wiki.dsl-man.de/wiki/spaces/DSO/pages/1147215,/diy-synth-other/projects/obx-clone-project/obx-frontpanel-and-chassis-for-obx-and-marienberg-4voice-midi-cv/
https://diysynth.wiki.dsl-man.de/wiki/spaces/DSO/pages/1147384,/diy-synth-other/projects/yocto-808-clone/yocto-schematics/
https://diysynth.wiki.dsl-man.de/wiki/spaces/DSO/pages/1147394,/diy-synth-other/projects/minimoog-restauration/
https://diysynth.wiki.dsl-man.de/wiki/spaces/DSO/pages/1147404,/diy-synth-other/projects/syncussion-sy-1-clone/syncussion-power-modification/
https://diysynth.wiki.dsl-man.de/wiki/spaces/DSO/pages/1147407,/diy-synth-other/repairs/novation-supernova-2-keyboard-voicecard/
https://diysynth.wiki.dsl-man.de/wiki/spaces/DSO/pages/1147409,/diy-synth-other/repairs/cgs-wasp-dual-with-spread-cv-repair/
https://diysynth.wiki.dsl-man.de/wiki/spaces/DSO/pages/1147419,/diy-synth-other/projects/mfos-ultimate-smt-version/
https://diysynth.wiki.dsl-man.de/wiki/spaces/DSO/pages/1147424,/diy-synth-other/projects/juergen-haible-vocoder/
https://diysynth.wiki.dsl-man.de/wiki/spaces/DSO/pages/1147440,/diy-synth-other/repairs/elka-concorde-811-fan-exchange/
https://diysynth.wiki.dsl-man.de/wiki/spaces/DSO/pages/1147442,/diy-synth-other/projects/kawai-k5000s-modification-usb-floppy/
https://diysynth.wiki.dsl-man.de/wiki/spaces/DSO/pages/1147450,/diy-synth-other/blog/2014-07-23-new-ttsh-groupbuy-started/
https://diysynth.wiki.dsl-man.de/wiki/spaces/DSO/pages/1147452,/diy-synth-other/projects/yocto-808-clone/yocto-808-clone-known-issues-building-tipps/
https://diysynth.wiki.dsl-man.de/wiki/spaces/DSO/pages/1147459,/diy-synth-other/projects/oakleysound-se330-meets-hvm/
https://diysynth.wiki.dsl-man.de/wiki/spaces/DSO/pages/1147499,/diy-synth-other/blog/2014-05-12-second-ttsh-groupbuy-in-planning/
https://diysynth.wiki.dsl-man.de/wiki/spaces/DSO/pages/1147502,/diy-synth-other/projects/juergen-haible-fs1a-frequency-shifter/
https://diysynth.wiki.dsl-man.de/wiki/spaces/DSO/pages/1147511,/diy-synth-other/projects/jsisynth-progue/
https://diysynth.wiki.dsl-man.de/wiki/spaces/DSO/pages/1147519,/diy-synth-other/manual/
https://diysynth.wiki.dsl-man.de/wiki/spaces/DSO/pages/1147522,/diy-synth-other/projects/juergen-haible-fs1a-frequency-shifter/issuehandling/
https://diysynth.wiki.dsl-man.de/wiki/spaces/DSO/pages/1147527,/diy-synth-other/projects/juergen-haible-fs1a-frequency-shifter/juergen-haible-fs1a-additional-tech/
https://diysynth.wiki.dsl-man.de/wiki/spaces/DSO/pages/1147534,/diy-synth-other/repairs/behringer-b2600-calibration-and-vcf-modification/
https://diysynth.wiki.dsl-man.de/wiki/spaces/DSO/pages/1147539,/diy-synth-other/projects/akai-s6000-storage-solution/
https://diysynth.wiki.dsl-man.de/wiki/spaces/DSO/pages/1147542,/diy-synth-other/projects/ems-synthi-a-clone/synthia-vcs3-calibration/
https://diysynth.wiki.dsl-man.de/wiki/spaces/DSO/pages/1147544,/diy-synth-other/tech-docs/
https://diysynth.wiki.dsl-man.de/wiki/spaces/DSO/pages/1147547,/diy-synth-other/projects/lxr-drumsynth-build-rev-1-2/tech-docs-lxr/
https://diysynth.wiki.dsl-man.de/wiki/spaces/DSO/pages/1147558,/diy-synth-other/products/lab-psu-breakoutboard-pcb/
https://diysynth.wiki.dsl-man.de/wiki/spaces/DSO/pages/1147560,/diy-synth-other/projects/buchla-208-clone/
https://diysynth.wiki.dsl-man.de/wiki/spaces/DSO/pages/1147579,/diy-synth-other/repairs/korg-minipops7-mod-and-service/
https://diysynth.wiki.dsl-man.de/wiki/spaces/DSO/pages/1147589,/diy-synth-other/products/ms2600kbd/
https://diysynth.wiki.dsl-man.de/wiki/spaces/DSO/pages/1147597,/diy-synth-other/projects/sequential-sixtrak-output-mod/
https://diysynth.wiki.dsl-man.de/wiki/spaces/DSO/pages/1147606,/diy-synth-other/projects/the-cloney-project-synthey-aks-clone/
https://diysynth.wiki.dsl-man.de/wiki/spaces/DSO/pages/1147609,/diy-synth-other/projects/re-303-not-a-further-clone/
https://diysynth.wiki.dsl-man.de/wiki/spaces/DSO/pages/1147636,/diy-synth-other/projects/re-909-tr-909-replica/
https://diysynth.wiki.dsl-man.de/wiki/spaces/DSO/pages/1147638,/diy-synth-other/products/arp2600-keyboard-3620-clock-input-modification/
https://diysynth.wiki.dsl-man.de/wiki/spaces/DSO/pages/1147663,/diy-synth-other/projects/buchla-clone-288r-v2/
https://diysynth.wiki.dsl-man.de/wiki/spaces/DSO/pages/1147673,/diy-synth-other/projects/re-808-its-a-replica-of-the-tr-808/
https://diysynth.wiki.dsl-man.de/wiki/spaces/DSO/pages/1147690,/diy-synth-other/projects/tr-909-firmware/
https://diysynth.wiki.dsl-man.de/wiki/spaces/DSO/pages/1147703,/diy-synth-other/projects/kobol-clone/
https://diysynth.wiki.dsl-man.de/wiki/spaces/DSO/pages/1147709,/diy-synth-other/projects/swenigiser-orgon-enigiser-clone/
https://diysynth.wiki.dsl-man.de/wiki/spaces/DSO/pages/1147731,/diy-synth-other/projects/jsi-resonator/
https://diysynth.wiki.dsl-man.de/wiki/spaces/DSO/pages/1147734,/diy-synth-other/projects/arp-4017-submodules-special/
https://diysynth.wiki.dsl-man.de/wiki/spaces/DSO/pages/1147778,/diy-synth-other/projects/minimoog-restauration/minimoog-capacitors/
https://diysynth.wiki.dsl-man.de/wiki/spaces/DSO/pages/1147790,/diy-synth-other/repairs/native-instruments-s4-controller-crossfader-repair/
https://diysynth.wiki.dsl-man.de/wiki/spaces/DSO/pages/1147802,/diy-synth-other/projects/ems-synthi-a-clone/synthia-building-tips/
https://diysynth.wiki.dsl-man.de/wiki/spaces/DSO/pages/1147835,/diy-synth-other/repairs/yusynth-system/
https://diysynth.wiki.dsl-man.de/wiki/spaces/DSO/pages/1147838,/diy-synth-other/repairs/
https://diysynth.wiki.dsl-man.de/wiki/spaces/DSO/pages/1147841,/diy-synth-other/projects/
https://diysynth.wiki.dsl-man.de/wiki/spaces/DSO/pages/1147869,/diy-synth-other/repairs/moog-prodigy-repair/
https://diysynth.wiki.dsl-man.de/wiki/spaces/DSO/pages/1147906,/diy-synth-other/products/
https://diysynth.wiki.dsl-man.de/wiki/spaces/DSO/pages/1147967,/diy-synth-other/projects/abstrakt-instruments-vs-1-diy/vs-1-usermanual-and-firmware/
https://diysynth.wiki.dsl-man.de/wiki/spaces/DSO/pages/285868034,/diy-synth-other/projects/oakleysound-vintage-flanger/
https://diysynth.wiki.dsl-man.de/wiki/spaces/DSO/pages/312442883,/diy-synth-other/projects/midibox-mb6582-sid/sid-chips/
https://diysynth.wiki.dsl-man.de/wiki/spaces/DSO/pages/315621377,/diy-synth-other/projects/oberheim-matrix-1000-clone/
https://diysynth.wiki.dsl-man.de/wiki/spaces/DSO/pages/482639886,/diy-synth-other/projects/nava-tr-909-clone/nava-extra9/
https://diysynth.wiki.dsl-man.de/wiki/spaces/DSO/pages/61571075,/diy-synth-other/projects/antonus-step-brother-diy/
https://diysynth.wiki.dsl-man.de/wiki/spaces/DSO/pages/641433657,/diy-synth-other/manuals-synth/208r-repair/
https://diysynth.wiki.dsl-man.de/wiki/spaces/DSO/pages/641859633,/diy-synth-other/repairs/twisted-electrons-therapsid/
https://diysynth.wiki.dsl-man.de/wiki/spaces/DSO/pages/641859697,/diy-synth-other/repairs/roland-tb-303-repair/
https://diysynth.wiki.dsl-man.de/wiki/spaces/DSO/pages/641859787,/diy-synth-other/repairs/analog-solutions-red-square/
https://diysynth.wiki.dsl-man.de/wiki/spaces/DSO/pages/641892423,/diy-synth-other/repairs/akai-s3200-repair-and-display-modification/
https://diysynth.wiki.dsl-man.de/wiki/spaces/DSO/pages/642023427,/diy-synth-other/repairs/roland-jp-8000-repair/
https://diysynth.wiki.dsl-man.de/wiki/spaces/DSO/pages/642089055,/diy-synth-other/repairs/akai-s3200-scsi-repair/
https://diysynth.wiki.dsl-man.de/wiki/spaces/DSO/pages/642187310,/diy-synth-other/repairs/akai-mpc60-service-and-modification/
https://diysynth.wiki.dsl-man.de/wiki/spaces/DSO/pages/642187326,/diy-synth-other/repairs/ensoniqe-asr10-service/
https://diysynth.wiki.dsl-man.de/wiki/spaces/DSO/pages/642187358,/diy-synth-other/repairs/behringer-2600-blue-marvin-spring-reverb/
https://diysynth.wiki.dsl-man.de/wiki/spaces/DSO/pages/642318404,/diy-synth-other/projects/re-808-its-a-replica-of-the-tr-808/re-808-pictures/
https://diysynth.wiki.dsl-man.de/wiki/spaces/DSO/pages/642383901,/diy-synth-other/repairs/isla-instruments-s2400-repair/
https://diysynth.wiki.dsl-man.de/wiki/spaces/DSO/pages/642383930,/diy-synth-other/repairs/roland-mc-202-upgrade-tubbutec/
https://diysynth.wiki.dsl-man.de/wiki/spaces/DSO/pages/642449489,/diy-synth-other/projects/swenigiser-orgon-enigiser-clone/pcb-scans/
https://diysynth.wiki.dsl-man.de/wiki/spaces/DSO/pages/642482192,/diy-synth-other/projects/kobol-clone/kobol-project-pictures/
https://diysynth.wiki.dsl-man.de/wiki/spaces/DSO/pages/642514951,/diy-synth-other/projects/orgon-r-enigiser/r-enigiser-pictures/
https://diysynth.wiki.dsl-man.de/wiki/spaces/DSO/pages/642646076,/diy-synth-other/repairs/oberheim-xpander-service-p/
https://diysynth.wiki.dsl-man.de/wiki/spaces/DSO/pages/642678805,/diy-synth-other/repairs/jomox-xbase-999-repair/
https://diysynth.wiki.dsl-man.de/wiki/spaces/DSO/pages/642809869,/diy-synth-other/repairs/grp-a4-repair/
https://diysynth.wiki.dsl-man.de/wiki/spaces/DSO/pages/643137538,/diy-synth-other/repairs/roland-jd-990-display/
https://diysynth.wiki.dsl-man.de/wiki/spaces/DSO/pages/697958403,/diy-synth-other/projects/apob-oscar40-diy/
https://diysynth.wiki.dsl-man.de/wiki/spaces/DSO/pages/699727903,/diy-synth-other/repairs/analog-solutions-eurorack-modules-servicing/
https://diysynth.wiki.dsl-man.de/wiki/spaces/DSO/pages/699727912,/diy-synth-other/projects/oberheim-sem-clone/
https://diysynth.wiki.dsl-man.de/wiki/spaces/DSO/pages/722010132,/diy-synth-other/projects/the-cloney-project-vcs3-clone/lmnc-cloney-2025-batch/
https://diysynth.wiki.dsl-man.de/wiki/spaces/DSO/pages/735215622,/diy-synth-other/repairs/bassbot-tt-303-repair/
https://diysynth.wiki.dsl-man.de/wiki/spaces/DSO/pages/735870998,/diy-synth-other/repairs/pearl-syncussion-sy-1-service-and-psu-mod/
https://diysynth.wiki.dsl-man.de/wiki/spaces/DSO/pages/769720321,/diy-synth-other/repairs/failures-donts/
https://diysynth.wiki.dsl-man.de/wiki/spaces/DSO/pages/835780612,/diy-synth-other/repairs/korg-x-911-repair/
https://diysynth.wiki.dsl-man.de/wiki/spaces/DSO/pages/875298817,/diy-synth-other/projects/oct-hz-converter/
https://diysynth.wiki.dsl-man.de/wiki/spaces/DSO/pages/904396866,/diy-synth-other/repairs/roland-jupiter4-repair-and-service/
https://diysynth.wiki.dsl-man.de/wiki/spaces/DSO/pages/905740293,/diy-synth-other/repairs/abstrakt-instruments-avalon-bassline-repair-nr1/
https://diysynth.wiki.dsl-man.de/wiki/spaces/DSO/pages/929628164,/diy-synth-other/projects/207s-buchla-inspired/
https://diysynth.wiki.dsl-man.de/wiki/spaces/DSO/pages/931790849,/diy-synth-other/projects/292c-buchla-inspired/
https://diysynth.wiki.dsl-man.de/wiki/spaces/DSO/pages/951877633,/diy-synth-other/repairs/abstrakt-instruments-avalon-bassline-repair-nr2/
https://diysynth.wiki.dsl-man.de/wiki/spaces/DSO/pages/951975937,/diy-synth-other/repairs/abstrakt-instruments-avalon-bassline-repair-nr3/
https://diysynth.wiki.dsl-man.de/wiki/spaces/DSO/pages/992575492,/diy-synth-other/projects/re-808-its-a-replica-of-the-tr-808/re-808-audio-demo/
https://diysynth.wiki.dsl-man.de/wiki/spaces/FRONTPANELS/pages/688130,/frontpanels/
https://diysynth.wiki.dsl-man.de/wiki/spaces/FRONTPANELS/pages/688556,/frontpanels/5u-paneldesigns-from-dsl-man/
https://diysynth.wiki.dsl-man.de/wiki/spaces/FRONTPANELS/pages/688568,/frontpanels/dsl-mans-panels-2020/
https://diysynth.wiki.dsl-man.de/wiki/spaces/FRONTPANELS/pages/688590,/frontpanels/5u-format-specifications/
https://diysynth.wiki.dsl-man.de/wiki/spaces/Home/pages/131498334,/home/
https://diysynth.wiki.dsl-man.de/wiki/spaces/Home/pages/131498345,/home/template-project-plan/
https://diysynth.wiki.dsl-man.de/wiki/spaces/Home/pages/131498360,/home/template-decision-documentation/
https://diysynth.wiki.dsl-man.de/wiki/spaces/Home/pages/131498375,/home/template-meeting-notes/
https://diysynth.wiki.dsl-man.de/wiki/spaces/Home/pages/132022273,/home/startpage/
https://diysynth.wiki.dsl-man.de/wiki/spaces/INFO/pages/1572866,/impressum-info/impressum/
https://diysynth.wiki.dsl-man.de/wiki/spaces/INFO/pages/1572903,/impressum-info/
https://diysynth.wiki.dsl-man.de/wiki/spaces/INFO/pages/1572925,/impressum-info/impressum/paypal/
https://diysynth.wiki.dsl-man.de/wiki/spaces/INFO/pages/1572981,/impressum-info/impressum/cookie-information/
https://diysynth.wiki.dsl-man.de/wiki/spaces/ISENIN/pages/1310734,/isenin/
https://diysynth.wiki.dsl-man.de/wiki/spaces/ISENIN/pages/1312890,/isenin/ise-nin-manuals-and-firmware/
https://diysynth.wiki.dsl-man.de/wiki/spaces/ISENIN/pages/1312915,/isenin/ise-nin-build-guide/
https://diysynth.wiki.dsl-man.de/wiki/spaces/ISENIN/pages/1312939,/isenin/troubleshooting/
https://diysynth.wiki.dsl-man.de/wiki/spaces/IT/pages/61538365,/it/teltonica-trb500-notes/
https://diysynth.wiki.dsl-man.de/wiki/spaces/IT/pages/62062608,/it/mobilfunknetze-4g-5g-velpke/vodafone-mobilfunknetz-velpke/
https://diysynth.wiki.dsl-man.de/wiki/spaces/IT/pages/62095409,/it/mobilfunknetze-4g-5g-velpke/o2-mobilfunknetz-velpke/
https://diysynth.wiki.dsl-man.de/wiki/spaces/IT/pages/62193702,/it/mikrotik-chateau-5g-ax/
https://diysynth.wiki.dsl-man.de/wiki/spaces/IT/pages/62226485,/it/mobilfunknetze-4g-5g-velpke/
https://diysynth.wiki.dsl-man.de/wiki/spaces/IT/pages/62390287,/it/mobilfunknetze-4g-5g-velpke/telekom-mobilfunknetz-velpke/
https://diysynth.wiki.dsl-man.de/wiki/spaces/IT/pages/641826962,/it/apple-mac-repair/
https://diysynth.wiki.dsl-man.de/wiki/spaces/IT/pages/884738,/it/
https://diysynth.wiki.dsl-man.de/wiki/spaces/IT/pages/884766,/it/office-for-mac-2019-won-t-open/
https://diysynth.wiki.dsl-man.de/wiki/spaces/IT/pages/884768,/it/dsl-man-website-worst-case-recovery-method/
https://diysynth.wiki.dsl-man.de/wiki/spaces/IT/pages/884782,/it/icybox-nvme-enclosure-ib-2811m-tb3-thunderbolt3-test/
https://diysynth.wiki.dsl-man.de/wiki/spaces/IT/pages/884788,/it/hackintosh/
https://diysynth.wiki.dsl-man.de/wiki/spaces/KIJIMI/pages/1015813,/kijimi/
https://diysynth.wiki.dsl-man.de/wiki/spaces/KIJIMI/pages/1015855,/kijimi/schematics/
https://diysynth.wiki.dsl-man.de/wiki/spaces/KIJIMI/pages/1015857,/kijimi/build-guide/
https://diysynth.wiki.dsl-man.de/wiki/spaces/KIJIMI/pages/1015859,/kijimi/kijimi-modifications/
https://diysynth.wiki.dsl-man.de/wiki/spaces/KIJIMI/pages/1015862,/kijimi/manuals-and-firmware/
https://diysynth.wiki.dsl-man.de/wiki/spaces/KNOWHOW/pages/1703944,/knowhow/sdiy-knowho/
https://diysynth.wiki.dsl-man.de/wiki/spaces/KNOWHOW/pages/1704955,/knowhow/sdiy-knowho/capacitors/
https://diysynth.wiki.dsl-man.de/wiki/spaces/KNOWHOW/pages/1704957,/knowhow/sdiy-knowho/capacitors/capacitor-types/
https://diysynth.wiki.dsl-man.de/wiki/spaces/KNOWHOW/pages/1704959,/knowhow/sdiy-knowho/capacitors/choosing-capacitors-for-diy-synths/
https://diysynth.wiki.dsl-man.de/wiki/spaces/KNOWHOW/pages/1704969,/knowhow/sdiy-knowho/how-to-articles/
https://diysynth.wiki.dsl-man.de/wiki/spaces/KNOWHOW/pages/1704973,/knowhow/sdiy-knowho/powersupply-solutions-traco/
https://diysynth.wiki.dsl-man.de/wiki/spaces/KNOWHOW/pages/336101402,/knowhow/sdiy-knowho/how-to-articles/how-to-bugfix/
https://diysynth.wiki.dsl-man.de/wiki/spaces/KNOWHOW/pages/336298001,/knowhow/sdiy-knowho/the-electricity-safety-rules/
https://diysynth.wiki.dsl-man.de/wiki/spaces/KNOWHOW/pages/336298016,/knowhow/sdiy-knowho/soldercore-kester/
https://diysynth.wiki.dsl-man.de/wiki/spaces/KNOWHOW/pages/336461845,/knowhow/sdiy-knowho/diy-tools-what-do-i-need/
https://diysynth.wiki.dsl-man.de/wiki/spaces/KNOWHOW/pages/336494600,/knowhow/sdiy-knowho/soldering-info-for-beginners/
https://diysynth.wiki.dsl-man.de/wiki/spaces/KNOWHOW/pages/337182721,/knowhow/sdiy-knowho/soldering-stations/
https://diysynth.wiki.dsl-man.de/wiki/spaces/KNOWHOW/pages/337215638,/knowhow/sdiy-knowho/connector-types-for-pcbs/
https://diysynth.wiki.dsl-man.de/wiki/spaces/KNOWHOW/pages/337248273,/knowhow/sdiy-knowho/how-to-articles/how-to-read-a-schematic/
https://diysynth.wiki.dsl-man.de/wiki/spaces/KNOWHOW/pages/337248286,/knowhow/sdiy-knowho/how-to-articles/how-to-use-a-scope/
https://diysynth.wiki.dsl-man.de/wiki/spaces/KNOWHOW/pages/337248313,/knowhow/sdiy-knowho/soldering-frame/
https://diysynth.wiki.dsl-man.de/wiki/spaces/KNOWHOW/pages/337313793,/knowhow/sdiy-knowho/anti-fume-stations/
https://diysynth.wiki.dsl-man.de/wiki/spaces/KNOWHOW/pages/337313923,/knowhow/sdiy-knowho/inductor-info/
https://diysynth.wiki.dsl-man.de/wiki/spaces/KNOWHOW/pages/337510409,/knowhow/sdiy-knowho/ic-sockets/
https://diysynth.wiki.dsl-man.de/wiki/spaces/KNOWHOW/pages/337641506,/knowhow/sdiy-knowho/pcb-manufactures/
https://diysynth.wiki.dsl-man.de/wiki/spaces/KNOWHOW/pages/337641924,/knowhow/
https://diysynth.wiki.dsl-man.de/wiki/spaces/KNOWHOW/pages/337641945,/knowhow/template-how-to-guide/
https://diysynth.wiki.dsl-man.de/wiki/spaces/KNOWHOW/pages/337641960,/knowhow/template-troubleshooting-article/
https://diysynth.wiki.dsl-man.de/wiki/spaces/KNOWHOW/pages/337674241,/knowhow/sdiy-knowho/resistor-types/
https://diysynth.wiki.dsl-man.de/wiki/spaces/KNOWHOW/pages/337772545,/knowhow/sdiy-knowho/how-to-articles/how-to-use-a-frequency-generator/
https://diysynth.wiki.dsl-man.de/wiki/spaces/KNOWHOW/pages/337838081,/knowhow/sdiy-knowho/how-to-articles/how-not-destroy-my-circuit/
https://diysynth.wiki.dsl-man.de/wiki/spaces/KNOWHOW/pages/337936386,/knowhow/sdiy-knowho/electronic-parts-shop-list-2025/
https://diysynth.wiki.dsl-man.de/wiki/spaces/KNOWHOW/pages/337936404,/knowhow/sdiy-knowho/powersupply-ripple-impact/
https://diysynth.wiki.dsl-man.de/wiki/spaces/KNOWHOW/pages/337936423,/knowhow/sdiy-knowho/voltage-regulators-info/
https://diysynth.wiki.dsl-man.de/wiki/spaces/KNOWHOW/pages/337936440,/knowhow/sdiy-knowho/wiring-info-for-circuits/
https://diysynth.wiki.dsl-man.de/wiki/spaces/KNOWHOW/pages/337936455,/knowhow/sdiy-knowho/star-ground-info/
https://diysynth.wiki.dsl-man.de/wiki/spaces/KNOWHOW/pages/347373598,/knowhow/sdiy-knowho/transistor-types/
https://diysynth.wiki.dsl-man.de/wiki/spaces/KNOWHOW/pages/511377416,/knowhow/tempco/
https://diysynth.wiki.dsl-man.de/wiki/spaces/LED/pages/1015810,/led-projects/
https://diysynth.wiki.dsl-man.de/wiki/spaces/LED/pages/1015841,/led-projects/club-project/
https://diysynth.wiki.dsl-man.de/wiki/spaces/LED/pages/1015843,/led-projects/bus-project/
https://diysynth.wiki.dsl-man.de/wiki/spaces/LED/pages/63733761,/led-projects/home-projects/
https://diysynth.wiki.dsl-man.de/wiki/spaces/LOGSOL/pages/1441803,/logansoloman/
https://diysynth.wiki.dsl-man.de/wiki/spaces/LOGSOL/pages/1442470,/logansoloman/enigma-the-best-2600-in-diy/
https://diysynth.wiki.dsl-man.de/wiki/spaces/LOGSOL/pages/1442538,/logansoloman/david/
https://diysynth.wiki.dsl-man.de/wiki/spaces/LOGSOL/pages/1442552,/logansoloman/david/schematics/
https://diysynth.wiki.dsl-man.de/wiki/spaces/LOGSOL/pages/1442586,/logansoloman/universal-cabinet-for-modular-systems/
https://diysynth.wiki.dsl-man.de/wiki/spaces/MAIN/pages/1703947,/diy-5u-modular-synthesizer/
https://diysynth.wiki.dsl-man.de/wiki/spaces/MAIN/pages/1703964,/diy-5u-modular-synthesizer/blog/2017-08-07-minimoog-clone-guinguin/
https://diysynth.wiki.dsl-man.de/wiki/spaces/MAIN/pages/1703966,/diy-5u-modular-synthesizer/blog/2017-08-29-onlineshop-online/
https://diysynth.wiki.dsl-man.de/wiki/spaces/MAIN/pages/1703968,/diy-5u-modular-synthesizer/modular-in-5u-projects/motm-300-vco/
https://diysynth.wiki.dsl-man.de/wiki/spaces/MAIN/pages/1704463,/diy-5u-modular-synthesizer/modular-in-5u-projects/nordcore-midi-cv-interface/
https://diysynth.wiki.dsl-man.de/wiki/spaces/MAIN/pages/1704468,/diy-5u-modular-synthesizer/modular-in-5u-projects/
https://diysynth.wiki.dsl-man.de/wiki/spaces/MAIN/pages/1704486,/diy-5u-modular-synthesizer/modular-in-5u-projects/nordcore-midi-cv-interface/midi-cv-tech-docs/
https://diysynth.wiki.dsl-man.de/wiki/spaces/MAIN/pages/1705013,/diy-5u-modular-synthesizer/blog/2018-05-03-server-movement-completed/
https://diysynth.wiki.dsl-man.de/wiki/spaces/MAIN/pages/1705033,/diy-5u-modular-synthesizer/modular-in-5u-projects/arp-4023-am4023/
https://diysynth.wiki.dsl-man.de/wiki/spaces/MAIN/pages/1705041,/diy-5u-modular-synthesizer/modular-in-5u-projects/kleesequencer-in-5u/
https://diysynth.wiki.dsl-man.de/wiki/spaces/MAIN/pages/1705080,/diy-5u-modular-synthesizer/modular-in-5u-projects/yusynth-arp-4072/
https://diysynth.wiki.dsl-man.de/wiki/spaces/MAIN/pages/1705097,/diy-5u-modular-synthesizer/modular-in-5u-projects/motm-490/
https://diysynth.wiki.dsl-man.de/wiki/spaces/MAIN/pages/1705105,/diy-5u-modular-synthesizer/modular-in-5u-projects/mfos-sequencer-16step/inquiry-invoice/
https://diysynth.wiki.dsl-man.de/wiki/spaces/MAIN/pages/1705107,/diy-5u-modular-synthesizer/my-first-5u-modular-cabinet/
https://diysynth.wiki.dsl-man.de/wiki/spaces/MAIN/pages/1705137,/diy-5u-modular-synthesizer/how-to-articles/frontpanel-design/
https://diysynth.wiki.dsl-man.de/wiki/spaces/MAIN/pages/1705147,/diy-5u-modular-synthesizer/how-to-articles/resistor-find-tools/
https://diysynth.wiki.dsl-man.de/wiki/spaces/MAIN/pages/1705149,/diy-5u-modular-synthesizer/how-to-articles/oscilloscope-infos/
https://diysynth.wiki.dsl-man.de/wiki/spaces/MAIN/pages/1705153,/diy-5u-modular-synthesizer/blog/2019-05-09-may-2019-news/
https://diysynth.wiki.dsl-man.de/wiki/spaces/MAIN/pages/1705161,/diy-5u-modular-synthesizer/modular-in-5u-projects/pt-audio-dual-dco/
https://diysynth.wiki.dsl-man.de/wiki/spaces/MAIN/pages/1705166,/diy-5u-modular-synthesizer/modular-in-5u-projects/oberheim-sem-vcf-in-motm/
https://diysynth.wiki.dsl-man.de/wiki/spaces/MAIN/pages/1705188,/diy-5u-modular-synthesizer/lm394-as394-specs/
https://diysynth.wiki.dsl-man.de/wiki/spaces/MAIN/pages/1705192,/diy-5u-modular-synthesizer/how-to-articles/diy-fail/
https://diysynth.wiki.dsl-man.de/wiki/spaces/MAIN/pages/1705194,/diy-5u-modular-synthesizer/how-to-articles/labor-stuff/
https://diysynth.wiki.dsl-man.de/wiki/spaces/MAIN/pages/1705238,/diy-5u-modular-synthesizer/blog/2015-04-07-minimoog-cabinet/
https://diysynth.wiki.dsl-man.de/wiki/spaces/MAIN/pages/1705248,/diy-5u-modular-synthesizer/modular-in-5u-projects/juergen-haible-trapezoid-vca/
https://diysynth.wiki.dsl-man.de/wiki/spaces/MAIN/pages/1705268,/diy-5u-modular-synthesizer/blog/2018-11-11-november-2018-news/
https://diysynth.wiki.dsl-man.de/wiki/spaces/MAIN/pages/1705276,/diy-5u-modular-synthesizer/modular-in-5u-projects/blacet-miniwave-in-5u/tech-docs-blacet-miniwave/
https://diysynth.wiki.dsl-man.de/wiki/spaces/MAIN/pages/1705280,/diy-5u-modular-synthesizer/modular-in-5u-projects/roland-juno-60-chorus/
https://diysynth.wiki.dsl-man.de/wiki/spaces/MAIN/pages/1705286,/diy-5u-modular-synthesizer/modular-in-5u-projects/blacet-miniwave-in-5u/
https://diysynth.wiki.dsl-man.de/wiki/spaces/MAIN/pages/1705300,/diy-5u-modular-synthesizer/modular-in-5u-projects/stp4012-motm/
https://diysynth.wiki.dsl-man.de/wiki/spaces/MAIN/pages/1705304,/diy-5u-modular-synthesizer/blog/2020-08-27-products-in-2020/
https://diysynth.wiki.dsl-man.de/wiki/spaces/MAIN/pages/1705308,/diy-5u-modular-synthesizer/modular-in-5u-projects/vdd-3007-active-splitter-buffered-multiple/
https://diysynth.wiki.dsl-man.de/wiki/spaces/MAIN/pages/1705318,/diy-5u-modular-synthesizer/gallery-modules-general/
https://diysynth.wiki.dsl-man.de/wiki/spaces/MAIN/pages/1705386,/diy-5u-modular-synthesizer/blog/2018-05-15-new-projects-added-and-pages-updated/
https://diysynth.wiki.dsl-man.de/wiki/spaces/MAIN/pages/1705470,/diy-5u-modular-synthesizer/modular-in-5u-projects/juergen-haible-krautrockphaser-in-motm/
https://diysynth.wiki.dsl-man.de/wiki/spaces/MAIN/pages/1705478,/diy-5u-modular-synthesizer/modular-in-5u-projects/horstronic-buffered-multiple/
https://diysynth.wiki.dsl-man.de/wiki/spaces/MAIN/pages/1705480,/diy-5u-modular-synthesizer/modular-in-5u-projects/cgs114-serge-dual-universal-slope-generator/
https://diysynth.wiki.dsl-man.de/wiki/spaces/MAIN/pages/1705484,/diy-5u-modular-synthesizer/modular-in-5u-projects/cgs77-serge-vcf-in-motm/
https://diysynth.wiki.dsl-man.de/wiki/spaces/MAIN/pages/1705493,/diy-5u-modular-synthesizer/modular-in-5u-projects/juergen-haible-triple-chorus-in-motm/
https://diysynth.wiki.dsl-man.de/wiki/spaces/MAIN/pages/1705497,/diy-5u-modular-synthesizer/modular-in-5u-projects/cgs75-serge-vcs-in-motm/
https://diysynth.wiki.dsl-man.de/wiki/spaces/MAIN/pages/1705501,/diy-5u-modular-synthesizer/modular-in-5u-projects/motm-440/
https://diysynth.wiki.dsl-man.de/wiki/spaces/MAIN/pages/1705527,/diy-5u-modular-synthesizer/modular-in-5u-projects/fc-cemvelope-mu-format/
https://diysynth.wiki.dsl-man.de/wiki/spaces/MAIN/pages/1705545,/diy-5u-modular-synthesizer/how-to-articles/motm-style-guide-and-more/
https://diysynth.wiki.dsl-man.de/wiki/spaces/MAIN/pages/1705547,/diy-5u-modular-synthesizer/modular-in-5u-projects/thomas-henry-mega-percussive-synth-mps/
https://diysynth.wiki.dsl-man.de/wiki/spaces/MAIN/pages/1705558,/diy-5u-modular-synthesizer/modular-in-5u-projects/oakleysound-discrete-ladder-filter/
https://diysynth.wiki.dsl-man.de/wiki/spaces/MAIN/pages/1705560,/diy-5u-modular-synthesizer/modular-in-5u-projects/cp3-mixer-quad-cp3-mixer-in-motm/
https://diysynth.wiki.dsl-man.de/wiki/spaces/MAIN/pages/1705565,/diy-5u-modular-synthesizer/blog/2016-01-06-ttsh-discontinued-around-08-january-2016/
https://diysynth.wiki.dsl-man.de/wiki/spaces/MAIN/pages/1705567,/diy-5u-modular-synthesizer/modular-in-5u-projects/arp-2612-filter-in-motm/
https://diysynth.wiki.dsl-man.de/wiki/spaces/MAIN/pages/1705589,/diy-5u-modular-synthesizer/modular-in-5u-projects/motm-110/
https://diysynth.wiki.dsl-man.de/wiki/spaces/MAIN/pages/1705591,/diy-5u-modular-synthesizer/modular-in-5u-projects/oakley-discontinuity/
https://diysynth.wiki.dsl-man.de/wiki/spaces/MAIN/pages/1705593,/diy-5u-modular-synthesizer/modular-in-5u-projects/oakley-quad-vca/
https://diysynth.wiki.dsl-man.de/wiki/spaces/MAIN/pages/1705612,/diy-5u-modular-synthesizer/modular-in-5u-projects/oakley-vco/
https://diysynth.wiki.dsl-man.de/wiki/spaces/MAIN/pages/1705624,/diy-5u-modular-synthesizer/blog/2018-07-17-summer-sdiy-news/
https://diysynth.wiki.dsl-man.de/wiki/spaces/MAIN/pages/1705638,/diy-5u-modular-synthesizer/how-to-articles/transistor-matching/
https://diysynth.wiki.dsl-man.de/wiki/spaces/MAIN/pages/1705686,/diy-5u-modular-synthesizer/blog/2014-09-11-new-eurorack-diy-space/
https://diysynth.wiki.dsl-man.de/wiki/spaces/MAIN/pages/1705702,/diy-5u-modular-synthesizer/modular-in-5u-projects/juergen-haible-living-vcos-in-motm/
https://diysynth.wiki.dsl-man.de/wiki/spaces/MAIN/pages/1705706,/diy-5u-modular-synthesizer/modular-in-5u-projects/frequency-central-trans-europa-in-motm/
https://diysynth.wiki.dsl-man.de/wiki/spaces/MAIN/pages/1705726,/diy-5u-modular-synthesizer/blog/2014-03-18-first-ttsh-arp2600-clone-finished/
https://diysynth.wiki.dsl-man.de/wiki/spaces/MAIN/pages/1705742,/diy-5u-modular-synthesizer/blog/2014-08-07-ssl-implentation-in-this-website-yet/
https://diysynth.wiki.dsl-man.de/wiki/spaces/MAIN/pages/1705772,/diy-5u-modular-synthesizer/kopie-von-template/
https://diysynth.wiki.dsl-man.de/wiki/spaces/MAIN/pages/1705776,/diy-5u-modular-synthesizer/modular-in-5u-projects/oakley-overdrive-2/
https://diysynth.wiki.dsl-man.de/wiki/spaces/MAIN/pages/1705851,/diy-5u-modular-synthesizer/blog/2016-07-26-nava-ready/
https://diysynth.wiki.dsl-man.de/wiki/spaces/MAIN/pages/1705863,/diy-5u-modular-synthesizer/modular-in-5u-projects/mfos-sequencer-16step/pcb-bom-mfos-sequencer-16step/
https://diysynth.wiki.dsl-man.de/wiki/spaces/MAIN/pages/1705865,/diy-5u-modular-synthesizer/modular-in-5u-projects/mfos-sequencer-16step/
https://diysynth.wiki.dsl-man.de/wiki/spaces/MAIN/pages/1705867,/diy-5u-modular-synthesizer/modular-in-5u-projects/cgs22-master-divider-in-motm/
https://diysynth.wiki.dsl-man.de/wiki/spaces/MAIN/pages/1705887,/diy-5u-modular-synthesizer/blog/2014-01-15-2014-supported-projects/
https://diysynth.wiki.dsl-man.de/wiki/spaces/MAIN/pages/1705910,/diy-5u-modular-synthesizer/modular-in-5u-projects/motm-120/
https://diysynth.wiki.dsl-man.de/wiki/spaces/MAIN/pages/1705936,/diy-5u-modular-synthesizer/modular-in-5u-projects/oakley-hvm/
https://diysynth.wiki.dsl-man.de/wiki/spaces/MAIN/pages/1705951,/diy-5u-modular-synthesizer/modular-in-5u-projects/oakley-flanger/
https://diysynth.wiki.dsl-man.de/wiki/spaces/MAIN/pages/1705953,/diy-5u-modular-synthesizer/modular-in-5u-projects/oakley-ringmod-4014/
https://diysynth.wiki.dsl-man.de/wiki/spaces/MAIN/pages/1705955,/diy-5u-modular-synthesizer/modular-in-5u-projects/oakley-ringmod-4014/oakley-ringmod-4014-schematics/
https://diysynth.wiki.dsl-man.de/wiki/spaces/MAIN/pages/1705970,/diy-5u-modular-synthesizer/modular-in-5u-projects/juergen-haible-living-vcos-in-motm/lvco-addon/
https://diysynth.wiki.dsl-man.de/wiki/spaces/MAIN/pages/1705974,/diy-5u-modular-synthesizer/modular-in-5u-projects/curetronic-vco/
https://diysynth.wiki.dsl-man.de/wiki/spaces/MAIN/pages/1705991,/diy-5u-modular-synthesizer/modular-in-5u-projects/amsynths-8121-vcf-in-motm/
https://diysynth.wiki.dsl-man.de/wiki/spaces/MAIN/pages/1705999,/diy-5u-modular-synthesizer/modular-in-5u-projects/amsynths-am8125-vco-in-motm/
https://diysynth.wiki.dsl-man.de/wiki/spaces/MAIN/pages/1706013,/diy-5u-modular-synthesizer/blog/2014-11-26-second-ttsh-groubuy-closed/
https://diysynth.wiki.dsl-man.de/wiki/spaces/MAIN/pages/1706015,/diy-5u-modular-synthesizer/modular-in-5u-projects/mutable-instruments-braids-in-motm/
https://diysynth.wiki.dsl-man.de/wiki/spaces/MAIN/pages/1706033,/diy-5u-modular-synthesizer/blog/2017-01-09-custom-arp1601-sequencer-clone/
https://diysynth.wiki.dsl-man.de/wiki/spaces/MAIN/pages/1706037,/diy-5u-modular-synthesizer/blog/2016-10-20-my-own-ttsh/
https://diysynth.wiki.dsl-man.de/wiki/spaces/MAIN/pages/1706059,/diy-5u-modular-synthesizer/modular-in-5u-projects/hexinverter-mutant-bassdrum-hihats-motm-panel/
https://diysynth.wiki.dsl-man.de/wiki/spaces/MAIN/pages/1706063,/diy-5u-modular-synthesizer/blog/2016-12-22-ttsh-rev3-buildguide/
https://diysynth.wiki.dsl-man.de/wiki/spaces/MAIN/pages/1706097,/diy-5u-modular-synthesizer/blog/2016-04-22-jasper-wasp-clone-build/
https://diysynth.wiki.dsl-man.de/wiki/spaces/MAIN/pages/1706111,/diy-5u-modular-synthesizer/modular-in-5u-projects/buchla-lopass-gate-292c-in-5u/
https://diysynth.wiki.dsl-man.de/wiki/spaces/MAIN/pages/1706129,/diy-5u-modular-synthesizer/modular-in-5u-projects/motm-480/
https://diysynth.wiki.dsl-man.de/wiki/spaces/MAIN/pages/1706159,/diy-5u-modular-synthesizer/blog/2015-02-03-ttsh-rev-2-finished/
https://diysynth.wiki.dsl-man.de/wiki/spaces/MAIN/pages/1706212,/diy-5u-modular-synthesizer/modular-in-5u-projects/motm-420-filter/
https://diysynth.wiki.dsl-man.de/wiki/spaces/MAIN/pages/1706275,/diy-5u-modular-synthesizer/modular-in-5u-projects/juergen-haible-tau-pipe-phaser/tau-pipe-random-source-version/
https://diysynth.wiki.dsl-man.de/wiki/spaces/MAIN/pages/1706327,/diy-5u-modular-synthesizer/modular-in-5u-projects/motm-800-adsr-eg/
https://diysynth.wiki.dsl-man.de/wiki/spaces/MAIN/pages/1706333,/diy-5u-modular-synthesizer/modular-in-5u-projects/oakley-fourmix/
https://diysynth.wiki.dsl-man.de/wiki/spaces/MAIN/pages/1706361,/diy-5u-modular-synthesizer/modular-in-5u-projects/papareil-quad-vca/
https://diysynth.wiki.dsl-man.de/wiki/spaces/MAIN/pages/1706369,/diy-5u-modular-synthesizer/modular-in-5u-projects/mfos-sequencer-16step/mfos-16step-sequencer-modification/
https://diysynth.wiki.dsl-man.de/wiki/spaces/MAIN/pages/1706390,/diy-5u-modular-synthesizer/how-to-articles/cmos-lfo-and-others/
https://diysynth.wiki.dsl-man.de/wiki/spaces/MAIN/pages/1706405,/diy-5u-modular-synthesizer/how-to-articles/kondensatoren-capaciators-translation-help/
https://diysynth.wiki.dsl-man.de/wiki/spaces/MAIN/pages/1706411,/diy-5u-modular-synthesizer/modular-in-5u-projects/yusynth-minimoog-filter/
https://diysynth.wiki.dsl-man.de/wiki/spaces/MAIN/pages/1706427,/diy-5u-modular-synthesizer/modular-in-5u-projects/oakley-noise-with-filter/
https://diysynth.wiki.dsl-man.de/wiki/spaces/MAIN/pages/1706441,/diy-5u-modular-synthesizer/modular-in-5u-projects/oakley-deep-equinox/
https://diysynth.wiki.dsl-man.de/wiki/spaces/MAIN/pages/1706445,/diy-5u-modular-synthesizer/blog/2013-12-20-new-year-greetings/
https://diysynth.wiki.dsl-man.de/wiki/spaces/MAIN/pages/1706449,/diy-5u-modular-synthesizer/modular-in-5u-projects/oakley-triple-lfo/
https://diysynth.wiki.dsl-man.de/wiki/spaces/MAIN/pages/1706461,/diy-5u-modular-synthesizer/blog/2013-12-16-new-blog-post-16-12-2013/
https://diysynth.wiki.dsl-man.de/wiki/spaces/MAIN/pages/1706497,/diy-5u-modular-synthesizer/blog/2017-10-05-first-vdd-module-on-diysynth-de/
https://diysynth.wiki.dsl-man.de/wiki/spaces/MAIN/pages/1706506,/diy-5u-modular-synthesizer/blog/2017-04-26-ttsh-rev-3-for-sale/
https://diysynth.wiki.dsl-man.de/wiki/spaces/MAIN/pages/1706516,/diy-5u-modular-synthesizer/modular-in-5u-projects/motm-5u-power-input-panel/
https://diysynth.wiki.dsl-man.de/wiki/spaces/MAIN/pages/1706551,/diy-5u-modular-synthesizer/modular-in-5u-projects/vdd-3007-active-splitter-buffered-multiple/vdd-3007-buildguide/
https://diysynth.wiki.dsl-man.de/wiki/spaces/MAIN/pages/1706555,/diy-5u-modular-synthesizer/modular-in-5u-projects/fonik-cv-ringmodulator/
https://diysynth.wiki.dsl-man.de/wiki/spaces/MAIN/pages/1706568,/diy-5u-modular-synthesizer/modularsystem-moog-paperface/
https://diysynth.wiki.dsl-man.de/wiki/spaces/MAIN/pages/1706578,/diy-5u-modular-synthesizer/blog/2018-01-15-arp-1601-clone-sequencer-pcb-panel-boat/
https://diysynth.wiki.dsl-man.de/wiki/spaces/MAIN/pages/1706652,/diy-5u-modular-synthesizer/modular-in-5u-projects/cgs202-serge-resonant-equalizer/
https://diysynth.wiki.dsl-man.de/wiki/spaces/MAIN/pages/1706664,/diy-5u-modular-synthesizer/modular-in-5u-projects/mfos-volt-per-ocatve-calibrator/
https://diysynth.wiki.dsl-man.de/wiki/spaces/MAIN/pages/1706666,/diy-5u-modular-synthesizer/modular-in-5u-projects/mfos-volt-per-ocatve-calibrator/mfos-volt-octave-calibrator-technical-docs/
https://diysynth.wiki.dsl-man.de/wiki/spaces/MAIN/pages/1706675,/diy-5u-modular-synthesizer/how-to-articles/
https://diysynth.wiki.dsl-man.de/wiki/spaces/MAIN/pages/1706681,/diy-5u-modular-synthesizer/blog/2016-01-27-juergen-haible-pcbs-received/
https://diysynth.wiki.dsl-man.de/wiki/spaces/MAIN/pages/1706693,/diy-5u-modular-synthesizer/modular-in-5u-projects/juergen-haible-resonator/juergen-haible-resonator-schematics-and-technical-stuff/
https://diysynth.wiki.dsl-man.de/wiki/spaces/MAIN/pages/1706697,/diy-5u-modular-synthesizer/modular-in-5u-projects/juergen-haible-resonator/
https://diysynth.wiki.dsl-man.de/wiki/spaces/MAIN/pages/1706713,/diy-5u-modular-synthesizer/modular-in-5u-projects/oakley-vc-adsr-vca/
https://diysynth.wiki.dsl-man.de/wiki/spaces/MAIN/pages/1706719,/diy-5u-modular-synthesizer/modular-in-5u-projects/oakley-s-h-slew/
https://diysynth.wiki.dsl-man.de/wiki/spaces/MAIN/pages/1706739,/diy-5u-modular-synthesizer/modular-in-5u-projects/motm-830-mixer/
https://diysynth.wiki.dsl-man.de/wiki/spaces/MAIN/pages/1706741,/diy-5u-modular-synthesizer/modular-in-5u-projects/mfos-adsr-old-version/
https://diysynth.wiki.dsl-man.de/wiki/spaces/MAIN/pages/1706758,/diy-5u-modular-synthesizer/troubleshooting-articles/
https://diysynth.wiki.dsl-man.de/wiki/spaces/MAIN/pages/1706760,/diy-5u-modular-synthesizer/modular-in-5u-projects/oakley-croglin-vcf/
https://diysynth.wiki.dsl-man.de/wiki/spaces/MAIN/pages/1706762,/diy-5u-modular-synthesizer/modular-in-5u-projects/curetronics-digi-eins-clock-divider/
https://diysynth.wiki.dsl-man.de/wiki/spaces/MAIN/pages/1706793,/diy-5u-modular-synthesizer/modular-in-5u-projects/motm-480r/
https://diysynth.wiki.dsl-man.de/wiki/spaces/MAIN/pages/1706817,/diy-5u-modular-synthesizer/modular-in-5u-projects/juergen-haible-variable-slope-filter-phaser/
https://diysynth.wiki.dsl-man.de/wiki/spaces/MAIN/pages/1706837,/diy-5u-modular-synthesizer/blog/2015-10-16-eurorack-klee-sequencer/
https://diysynth.wiki.dsl-man.de/wiki/spaces/MAIN/pages/1706865,/diy-5u-modular-synthesizer/modular-in-5u-projects/wogglebug-in-motm-format/
https://diysynth.wiki.dsl-man.de/wiki/spaces/MAIN/pages/1706877,/diy-5u-modular-synthesizer/modular-in-5u-projects/motm-101/
https://diysynth.wiki.dsl-man.de/wiki/spaces/MAIN/pages/1706885,/diy-5u-modular-synthesizer/how-to-articles/voltage-regulators-calculator/
https://diysynth.wiki.dsl-man.de/wiki/spaces/MAIN/pages/1706887,/diy-5u-modular-synthesizer/modular-in-5u-projects/oakley-vco-controller/
https://diysynth.wiki.dsl-man.de/wiki/spaces/MAIN/pages/1706926,/diy-5u-modular-synthesizer/modular-in-5u-projects/eurorack-klee-sequencer/
https://diysynth.wiki.dsl-man.de/wiki/spaces/MAIN/pages/1706983,/diy-5u-modular-synthesizer/modular-in-5u-projects/ian-fritz-double-deka/
https://diysynth.wiki.dsl-man.de/wiki/spaces/MAIN/pages/1706985,/diy-5u-modular-synthesizer/blog/2018-04-25-general-info-about-this-website-and-webshop/
https://diysynth.wiki.dsl-man.de/wiki/spaces/MAIN/pages/1706989,/diy-5u-modular-synthesizer/blog/2015-02-11-ttsh-rev-2-roadcase/
https://diysynth.wiki.dsl-man.de/wiki/spaces/MAIN/pages/1706995,/diy-5u-modular-synthesizer/modular-in-5u-projects/dual-fc-cemvelope-in-motm/
https://diysynth.wiki.dsl-man.de/wiki/spaces/MAIN/pages/1707001,/diy-5u-modular-synthesizer/modular-in-5u-projects/mutable-plaits-in-5u-mjk/
https://diysynth.wiki.dsl-man.de/wiki/spaces/MAIN/pages/1707007,/diy-5u-modular-synthesizer/modular-in-5u-projects/tr-606-in-mu-and-motm-format/
https://diysynth.wiki.dsl-man.de/wiki/spaces/MAIN/pages/1707011,/diy-5u-modular-synthesizer/modular-in-5u-projects/tellun-tln-712-doomsday/
https://diysynth.wiki.dsl-man.de/wiki/spaces/MAIN/pages/1707023,/diy-5u-modular-synthesizer/modular-in-5u-projects/juergen-haible-triple-chorus-in-mu-format/
https://diysynth.wiki.dsl-man.de/wiki/spaces/MAIN/pages/1707029,/diy-5u-modular-synthesizer/blog/2019-03-01-march-2019-news/
https://diysynth.wiki.dsl-man.de/wiki/spaces/MAIN/pages/1707035,/diy-5u-modular-synthesizer/modular-in-5u-projects/frequency-central-system-x-lowpas-vcf/
https://diysynth.wiki.dsl-man.de/wiki/spaces/MAIN/pages/1707037,/diy-5u-modular-synthesizer/modular-in-5u-projects/tellun-156-in-mu/
https://diysynth.wiki.dsl-man.de/wiki/spaces/MAIN/pages/1707039,/diy-5u-modular-synthesizer/blog/2019-12-23-2019-summary/
https://diysynth.wiki.dsl-man.de/wiki/spaces/MAIN/pages/1707052,/diy-5u-modular-synthesizer/modular-in-5u-projects/roland-system-700-clone/
https://diysynth.wiki.dsl-man.de/wiki/spaces/MAIN/pages/1707101,/diy-5u-modular-synthesizer/modular-in-5u-projects/triple-lpg-in-mu-format/
https://diysynth.wiki.dsl-man.de/wiki/spaces/MAIN/pages/1707116,/diy-5u-modular-synthesizer/blog/2015-10-01-j-haible-krautrock-phaser-standalone/
https://diysynth.wiki.dsl-man.de/wiki/spaces/MAIN/pages/1707122,/diy-5u-modular-synthesizer/modular-in-5u-projects/juergen-haible-tau-pipe-phaser/
https://diysynth.wiki.dsl-man.de/wiki/spaces/MAIN/pages/281116707,/diy-5u-modular-synthesizer/modular-in-5u-projects/manhatten-analog-mvp/
https://diysynth.wiki.dsl-man.de/wiki/spaces/MAIN/pages/409337858,/diy-5u-modular-synthesizer/modular-in-5u-projects/mfos-noise-cornucopia/
https://diysynth.wiki.dsl-man.de/wiki/spaces/MAIN/pages/482508803,/diy-5u-modular-synthesizer/modular-in-5u-projects/juergen-haible-fs1a-in-motm/
https://diysynth.wiki.dsl-man.de/wiki/spaces/MAIN/pages/566394881,/diy-5u-modular-synthesizer/modular-in-5u-projects/laurentide-dual-vactrol-vg2/
https://diysynth.wiki.dsl-man.de/wiki/spaces/MAIN/pages/642154521,/diy-5u-modular-synthesizer/modular-in-5u-projects/roland-system-700-clones/
https://diysynth.wiki.dsl-man.de/wiki/spaces/MSTIPS/pages/557058,/shopping-tipps/
https://diysynth.wiki.dsl-man.de/wiki/spaces/MSTIPS/pages/557060,/shopping-tipps/10-electronics-seller/10-2-eu-electronic-seller/
https://diysynth.wiki.dsl-man.de/wiki/spaces/MSTIPS/pages/557083,/shopping-tipps/10-electronics-seller/
https://diysynth.wiki.dsl-man.de/wiki/spaces/MSTIPS/pages/557085,/shopping-tipps/10-electronics-seller/german-elecronic-seller/
https://diysynth.wiki.dsl-man.de/wiki/spaces/MSTIPS/pages/557103,/shopping-tipps/40-diy-synth-all-you-need-for-diy/40-6-frontpanels-and-fp-parts/
https://diysynth.wiki.dsl-man.de/wiki/spaces/MSTIPS/pages/557110,/shopping-tipps/40-diy-synth-all-you-need-for-diy/40-5-motm-style-parts/
https://diysynth.wiki.dsl-man.de/wiki/spaces/MSTIPS/pages/557113,/shopping-tipps/10-electronics-seller/10-1-worldwide-electronics-seller/
https://diysynth.wiki.dsl-man.de/wiki/spaces/MSTIPS/pages/557119,/shopping-tipps/40-diy-synth-all-you-need-for-diy/40-1-switches/
https://diysynth.wiki.dsl-man.de/wiki/spaces/MSTIPS/pages/557122,/shopping-tipps/40-diy-synth-all-you-need-for-diy/40-4-knobs/
https://diysynth.wiki.dsl-man.de/wiki/spaces/MSTIPS/pages/557126,/shopping-tipps/40-diy-synth-all-you-need-for-diy/40-2-potis-potentiometer/
https://diysynth.wiki.dsl-man.de/wiki/spaces/MSTIPS/pages/557142,/shopping-tipps/diy-modular-knowledge/
https://diysynth.wiki.dsl-man.de/wiki/spaces/MSTIPS/pages/557145,/shopping-tipps/60-chassis-rack-case-seller/
https://diysynth.wiki.dsl-man.de/wiki/spaces/MSTIPS/pages/557151,/shopping-tipps/20-special-diy-seller/
https://diysynth.wiki.dsl-man.de/wiki/spaces/MSTIPS/pages/557162,/shopping-tipps/40-diy-synth-all-you-need-for-diy/40-3-jacks/
https://diysynth.wiki.dsl-man.de/wiki/spaces/MSTIPS/pages/557187,/shopping-tipps/50-synthesizer-repair-center/
https://diysynth.wiki.dsl-man.de/wiki/spaces/MSTIPS/pages/557189,/shopping-tipps/40-diy-synth-all-you-need-for-diy/
https://diysynth.wiki.dsl-man.de/wiki/spaces/MSTIPS/pages/557195,/shopping-tipps/30-modular-synth-seller/
https://diysynth.wiki.dsl-man.de/wiki/spaces/OUTBOARD/pages/1147572,/out-board/outboard-projects/oakleysound-sre330/
https://diysynth.wiki.dsl-man.de/wiki/spaces/OUTBOARD/pages/1147685,/out-board/outboard-projects/haible-tau-pipe-phaser-rackformat/
https://diysynth.wiki.dsl-man.de/wiki/spaces/OUTBOARD/pages/1147722,/out-board/outboard-projects/oakleysound-dcr320/
https://diysynth.wiki.dsl-man.de/wiki/spaces/OUTBOARD/pages/1147738,/out-board/outboard-projects/oakleysound-adr30-dual/
https://diysynth.wiki.dsl-man.de/wiki/spaces/OUTBOARD/pages/1703938,/out-board/
https://diysynth.wiki.dsl-man.de/wiki/spaces/OUTBOARD/pages/1704536,/out-board/in-planning/preconditions-general/
https://diysynth.wiki.dsl-man.de/wiki/spaces/OUTBOARD/pages/1704538,/out-board/in-planning/1176/
https://diysynth.wiki.dsl-man.de/wiki/spaces/OUTBOARD/pages/1704542,/out-board/outboard-projects/stereo-1176d-clone/
https://diysynth.wiki.dsl-man.de/wiki/spaces/OUTBOARD/pages/1707124,/out-board/outboard-projects/
https://diysynth.wiki.dsl-man.de/wiki/spaces/OUTBOARD/pages/1707127,/out-board/in-planning/
https://diysynth.wiki.dsl-man.de/wiki/spaces/OUTBOARD/pages/1707130,/out-board/outboard-projects/diyracked-dr-mb2-ssl-clone/
https://diysynth.wiki.dsl-man.de/wiki/spaces/OUTBOARD/pages/277774339,/out-board/outboard-projects/la-2a-projects/
https://diysynth.wiki.dsl-man.de/wiki/spaces/OUTBOARD/pages/306511922,/out-board/outboard-projects/oakleysound-adr30-delay/
https://diysynth.wiki.dsl-man.de/wiki/spaces/OUTBOARD/pages/893386784,/out-board/outboard-projects/oakleysound-dcr320/oakley-sound-systems-dcr320-product-information/
https://diysynth.wiki.dsl-man.de/wiki/spaces/OUTBOARD/pages/893845508,/out-board/outboard-projects/oakleysound-adr30-delay/oakley-sound-systems-adr30-product-information/
https://diysynth.wiki.dsl-man.de/wiki/spaces/OUTBOARD/pages/895025153,/out-board/outboard-projects/oakleysound-sre330/oakley-sound-systems-sre-330-product-information/
https://diysynth.wiki.dsl-man.de/wiki/spaces/OUTBOARD/pages/920649732,/out-board/outboard-projects/oakleysound-filtrex2/
https://diysynth.wiki.dsl-man.de/wiki/spaces/SHOP/pages/1310737,/shop/
https://diysynth.wiki.dsl-man.de/wiki/spaces/SHOP/pages/1311107,/shop/power-cables/
https://diysynth.wiki.dsl-man.de/wiki/spaces/SHOP/pages/1313022,/shop/modules-for-sale-oakley-efg/
https://diysynth.wiki.dsl-man.de/wiki/spaces/SHOP/pages/1313028,/shop/logos/
https://diysynth.wiki.dsl-man.de/wiki/spaces/SHOP/pages/1313051,/shop/datasheets/
https://diysynth.wiki.dsl-man.de/wiki/spaces/TTSH/pages/1310725,/ttsh/
https://diysynth.wiki.dsl-man.de/wiki/spaces/TTSH/pages/1310747,/ttsh/old-documentation/ttsh-rev2-build-guide/ttsh-230v-110v-powersupply/
https://diysynth.wiki.dsl-man.de/wiki/spaces/TTSH/pages/1310751,/ttsh/ttsh-mods/ttsh-mod-vco-sync-option/
https://diysynth.wiki.dsl-man.de/wiki/spaces/TTSH/pages/1310753,/ttsh/ttsh-mods/ttsh-mod-audiopath-upgrade/
https://diysynth.wiki.dsl-man.de/wiki/spaces/TTSH/pages/1310759,/ttsh/ttsh-mods/ttsh-gatebooster/
https://diysynth.wiki.dsl-man.de/wiki/spaces/TTSH/pages/1310762,/ttsh/ttsh-mods/ttsh-mod-ar-envelope/
https://diysynth.wiki.dsl-man.de/wiki/spaces/TTSH/pages/1310765,/ttsh/ttsh-release-rev-4/
https://diysynth.wiki.dsl-man.de/wiki/spaces/TTSH/pages/1310767,/ttsh/ttsh-release-rev-1/
https://diysynth.wiki.dsl-man.de/wiki/spaces/TTSH/pages/1310769,/ttsh/ttsh-rare-partkit-survival-kit/
https://diysynth.wiki.dsl-man.de/wiki/spaces/TTSH/pages/1310771,/ttsh/ttsh-calibration-guide/
https://diysynth.wiki.dsl-man.de/wiki/spaces/TTSH/pages/1310773,/ttsh/old-documentation/ttsh-rev3-build-guide/
https://diysynth.wiki.dsl-man.de/wiki/spaces/TTSH/pages/1310778,/ttsh/ttsh-mods/ttsh-psu/
https://diysynth.wiki.dsl-man.de/wiki/spaces/TTSH/pages/1310782,/ttsh/ttsh-mods/ttsh-midi-implementation/
https://diysynth.wiki.dsl-man.de/wiki/spaces/TTSH/pages/1310784,/ttsh/ttsh-mods/
https://diysynth.wiki.dsl-man.de/wiki/spaces/TTSH/pages/1310787,/ttsh/ttsh-release-rev-3/
https://diysynth.wiki.dsl-man.de/wiki/spaces/TTSH/pages/1310792,/ttsh/old-documentation/ttsh-rev3-build-guide/ttsh-rev-3-build-pictures/
https://diysynth.wiki.dsl-man.de/wiki/spaces/TTSH/pages/1310794,/ttsh/ttsh-mods/ttsh-dust-cover-installation/
https://diysynth.wiki.dsl-man.de/wiki/spaces/TTSH/pages/1310796,/ttsh/ttsh-mods/ttsh-mod-adsr-timing/
https://diysynth.wiki.dsl-man.de/wiki/spaces/TTSH/pages/1310798,/ttsh/ttsh-mods/ttsh-waveshaper-and-suboscillator/
https://diysynth.wiki.dsl-man.de/wiki/spaces/TTSH/pages/1310800,/ttsh/old-documentation/ttsh-rev2-build-guide/ttsh-rev-2-build-notices/
https://diysynth.wiki.dsl-man.de/wiki/spaces/TTSH/pages/1310802,/ttsh/ttsh-mods/balanced-driver/
https://diysynth.wiki.dsl-man.de/wiki/spaces/TTSH/pages/1310804,/ttsh/ttsh-mods/ttsh-mod-vcf-input-coupling/
https://diysynth.wiki.dsl-man.de/wiki/spaces/TTSH/pages/1311095,/ttsh/ttsh-rev-3-power-wiring/
https://diysynth.wiki.dsl-man.de/wiki/spaces/TTSH/pages/1311098,/ttsh/old-documentation/ttsh-rev1-build-guide/
https://diysynth.wiki.dsl-man.de/wiki/spaces/TTSH/pages/1311099,/ttsh/old-documentation/
https://diysynth.wiki.dsl-man.de/wiki/spaces/TTSH/pages/1311100,/ttsh/ttsh-speaker-wiring/
https://diysynth.wiki.dsl-man.de/wiki/spaces/TTSH/pages/1311101,/ttsh/old-documentation/ttsh-rev1-build-guide/ttsh-rev1-known-issues/
https://diysynth.wiki.dsl-man.de/wiki/spaces/TTSH/pages/1311103,/ttsh/ttsh-release-rev-2/
https://diysynth.wiki.dsl-man.de/wiki/spaces/TTSH/pages/1311319,/ttsh/ttsh-case/
https://diysynth.wiki.dsl-man.de/wiki/spaces/TTSH/pages/1311390,/ttsh/ttsh-mods/ttsh-reverb-driver-mod/
https://diysynth.wiki.dsl-man.de/wiki/spaces/TTSH/pages/1311406,/ttsh/ttsh-mods/ttsh-noise-mod/
https://diysynth.wiki.dsl-man.de/wiki/spaces/TTSH/pages/1311506,/ttsh/old-documentation/ttsh-rev1-build-guide/ttsh-hardcore-builders-guide/
https://diysynth.wiki.dsl-man.de/wiki/spaces/TTSH/pages/1311650,/ttsh/ttsh-rev-9-improvements/
https://diysynth.wiki.dsl-man.de/wiki/spaces/TTSH/pages/1311704,/ttsh/ttsh-release-rev-2/useful-documentation-for-troubleshooting/
https://diysynth.wiki.dsl-man.de/wiki/spaces/TTSH/pages/1311836,/ttsh/old-documentation/ttsh-rev2-build-guide/
https://diysynth.wiki.dsl-man.de/wiki/spaces/TTSH/pages/1311959,/ttsh/release-plan/
https://diysynth.wiki.dsl-man.de/wiki/spaces/TTSH/pages/1312125,/ttsh/ttsh-mods/ttsh-mod-electronic-switch-clock-source/
https://diysynth.wiki.dsl-man.de/wiki/spaces/TTSH/pages/1312249,/ttsh/ttsh-audio-demos-from-patchbook/
https://diysynth.wiki.dsl-man.de/wiki/spaces/TTSHADDONS/pages/1441797,/ttsh-addons/
https://diysynth.wiki.dsl-man.de/wiki/spaces/TTSHADDONS/pages/1442187,/ttsh-addons/arp3620/
https://diysynth.wiki.dsl-man.de/wiki/spaces/TTSHADDONS/pages/1442193,/ttsh-addons/arp1601/
https://diysynth.wiki.dsl-man.de/wiki/spaces/TTSHADDONS/pages/1442219,/ttsh-addons/arp1601/bom-for-rev-5-and-6a/
https://diysynth.wiki.dsl-man.de/wiki/spaces/TTSHADDONS/pages/1442342,/ttsh-addons/arp1601/buildguide-rev-1-4/
https://diysynth.wiki.dsl-man.de/wiki/spaces/TTSHADDONS/pages/1442368,/ttsh-addons/arp1601/dust-cover-mats/
https://diysynth.wiki.dsl-man.de/wiki/spaces/TTSHADDONS/pages/1442398,/ttsh-addons/arp1601/arp1601-step1fix-mod/
https://diysynth.wiki.dsl-man.de/wiki/spaces/TTSHADDONS/pages/1442404,/ttsh-addons/arp1601/1601-mods/
https://diysynth.wiki.dsl-man.de/wiki/spaces/TTSHADDONS/pages/1442408,/ttsh-addons/arp1601/bom-for-rev-6b/
https://diysynth.wiki.dsl-man.de/wiki/spaces/XERXES/pages/1441800,/xerxes/
https://diysynth.wiki.dsl-man.de/wiki/spaces/XERXES/pages/1442414,/xerxes/getting-started/
https://diysynth.wiki.dsl-man.de/wiki/spaces/XERXES/pages/1442420,/xerxes/getting-started/making-a-template/
